{
  "iter": 10000,
  "mean": 0.0009575714285714286,
  "mode": "off",
  "runs": 7,
  "samples": [
    0.006533,
    0.000043,
    0.000032000000000000005,
    0.000021,
    0.000032000000000000005,
    0.000021,
    0.000021
  ],
  "stdev": 0.002276171839931678
}
